{
  "city": "Pittsburgh",
  "note": "Coefficients from logit model trained on Pittsburgh zip-day panel (de-biased: dow/holiday vars set to 0 for Calvert City predictions). Proximity-enhanced includes multi_source_exposure and wind_align_weighted.",
  "weather_only": {
    "const": -5.098264017227342,
    "temperature": 0.020586929752626205,
    "temperature_squared": -0.00023562663604045957,
    "solar_radiation": -0.0005254609479950344,
    "relative_humidity": 0.004166979269124155,
    "wind_speed": -0.024396378251761566,
    "precipitation": 7.278020604862507,
    "diurnal_temperature_range": 0.24194873396475364,
    "boundary_layer_height": -0.00013150043448126805,
    "atmospheric_pressure": 0.002515642639639711,
    "dow_tue": 0.17390945681053005,
    "dow_wed": 0.19405927466907813,
    "dow_thu": 0.00661754403755553,
    "dow_fri": 0.1065153660074636,
    "dow_sat": 0.10250220388190978,
    "dow_sun": 0.05888059548107057,
    "is_holiday": -0.22253623670261763
  },
  "proximity_enhanced": {
    "const": -12.666648271471834,
    "temperature": 0.018343042144885864,
    "temperature_squared": -0.000214230616419178,
    "solar_radiation": -0.0009207391359819757,
    "relative_humidity": 0.004766342432915154,
    "wind_speed": -0.04088000835814254,
    "precipitation": 6.65637460426461,
    "diurnal_temperature_range": 0.23664438034852686,
    "boundary_layer_height": -8.362886723254747e-05,
    "atmospheric_pressure": 0.005515222566627884,
    "dow_tue": 0.1606636514139123,
    "dow_wed": 0.21885451717092794,
    "dow_thu": 0.0036044186746047994,
    "dow_fri": 0.10480229560940843,
    "dow_sat": 0.07863681790059013,
    "dow_sun": 0.02205724498791781,
    "is_holiday": -0.24982469962838508,
    "multi_source_exposure": 1.3318487869144982,
    "wind_align_weighted": 1.6800007018699348
  },
  "model_metrics": {
    "weather_only_aic": 24633.220455027153,
    "proximity_enhanced_aic": 23744.615951731677,
    "delta_aic": 888.6045032954753,
    "weather_only_pseudo_r2": 0.3870195585464846,
    "proximity_enhanced_pseudo_r2": 0.40926209682015746,
    "weather_only_auc": 0.9059318745884545,
    "proximity_enhanced_auc": 0.9098732417475663,
    "weather_only_cv_auc": 0.9055778057356534,
    "proximity_enhanced_cv_auc": 0.9094925514197711
  }
}