{
  "city": "Pittsburgh",
  "note": "Coefficients from logit model trained on Pittsburgh zip-day panel (de-biased: dow/holiday vars set to 0 for Calvert City predictions). Proximity-enhanced includes multi_source_exposure and wind_align_weighted.",
  "weather_only": {
    "const": -9.788177643679807,
    "temperature": 0.012387985597464164,
    "temperature_squared": -0.00015517808392284517,
    "solar_radiation": -0.000775420586619911,
    "relative_humidity": 0.0036716937689514487,
    "wind_speed": -0.03331733817933342,
    "precipitation": 6.7468844239635795,
    "diurnal_temperature_range": 0.25019895367712874,
    "boundary_layer_height": -9.188033578138628e-05,
    "atmospheric_pressure": 0.007549833854759232,
    "dow_tue": 0.18438407187578185,
    "dow_wed": 0.18196161195700603,
    "dow_thu": 0.023023494267303816,
    "dow_fri": 0.14950460699691784,
    "dow_sat": 0.11264546882965273,
    "dow_sun": 0.10151620408529383,
    "is_holiday": -0.11951644421832905
  },
  "proximity_enhanced": {
    "const": -16.225189971808,
    "temperature": 0.010510858229225335,
    "temperature_squared": -0.00013985281791819779,
    "solar_radiation": -0.0009898346440940092,
    "relative_humidity": 0.003886837369709999,
    "wind_speed": -0.044421295403260896,
    "precipitation": 6.252656147133751,
    "diurnal_temperature_range": 0.2432306557914088,
    "boundary_layer_height": -5.688525088260146e-05,
    "atmospheric_pressure": 0.00863841090466962,
    "dow_tue": 0.17672835400787748,
    "dow_wed": 0.2041980263803918,
    "dow_thu": 0.025026576568460378,
    "dow_fri": 0.14921641998180926,
    "dow_sat": 0.09790498057029126,
    "dow_sun": 0.06772494482295628,
    "is_holiday": -0.1358090612962181,
    "multi_source_exposure": 1.72758870060501,
    "wind_align_weighted": 1.3778576046123838
  },
  "model_metrics": {
    "weather_only_aic": 30052.7489953115,
    "proximity_enhanced_aic": 29096.787191725463,
    "delta_aic": 955.9618035860367,
    "weather_only_pseudo_r2": 0.37710274781909814,
    "proximity_enhanced_pseudo_r2": 0.397022217805864,
    "weather_only_auc": 0.9031255938269763,
    "proximity_enhanced_auc": 0.9053101624656159,
    "weather_only_cv_auc": 0.9028302787994724,
    "proximity_enhanced_cv_auc": 0.9050578075785332
  }
}